Title,Artist,Album,ReleaseDate,ID,Key,BPM,Acousticness,Popularity,Happiness,Danceability,Instrumentalness,Energy,Speechiness,Loudness,Cover,Tags
Losing It,FISHER,Losing It,2018-07-13,6ho0GyrWZN3mhi9zVRW7xi,D Major,125,0.00181,74,0.643,0.76,0.703,0.964,0.0577,-5.844,https://i.scdn.co/image/ab67616d0000b2739367c1ee2eec0bf3a04b4868,"electronic, dance, techno, tech house, 666"
Losing It - Radio Edit,FISHER,Losing It (Radio Edit),2018-10-25,2KXwJZv1pRQFQ95Kj60jBN,D Major,125,0.00176,59,0.744,0.729,0.66,0.965,0.0624,-5.711,https://i.scdn.co/image/ab67616d0000b273ebeb52ef773c378153ceed31,"party, 2018 single, bbc radio1 playlist 2018"
Piece Of Your Heart,"MEDUZA, Goodboys",MEDUZA,2023-10-13,5RDUCbvwPZdmjFbhZ5EY4N,B♭ Minor,124,0.0405,69,0.631,0.677,0.000153,0.744,0.0296,-6.806,https://i.scdn.co/image/ab67616d0000b2738d7f3300dd80d2704664ff16,"House, EDM, electronic, british, dance"
Not Like Us,Kendrick Lamar,Not Like Us,2024-05-04,6AI3ezQ4o3HUoP6Dhudph3,C# Major,101,0.0107,96,0.214,0.898,0.0,0.472,0.0776,-7.001,https://i.scdn.co/image/ab67616d0000b2731ea0c62b2339cbf493a999ad,"MySpotigramBot, Diss, Hip-Hop, diss track, hip hop"
Back To U,"SLANDER, William Black",Back To U,2020-04-24,19m23w2ANVhtB7rApM6pbN,E Major,150,0.645,58,0.272,0.586,0.0,0.499,0.049,-6.627,https://i.scdn.co/image/ab67616d0000b273df34234cbad3fca10cda133e,melodic dubstep
Love Is Gone - Acoustic,"SLANDER, Dylan Matthew",Love Is Gone (Acoustic),2019-11-13,7F1CiKqrY44kh5cDqwHOnx,F# Major,140,0.882,77,0.359,0.541,1.66e-06,0.153,0.0303,-10.654,https://i.scdn.co/image/ab67616d0000b2733892a2a2c261629f34bb5536,rock
All You Need To Know (feat. Calle Lehmann),"Gryffin, SLANDER, Calle Lehmann",Gravity,2019-10-24,4TIkSdsNSfqpuq6ZYvCjAz,C Major,140,0.00699,61,0.219,0.53,0.0,0.729,0.0376,-6.019,https://i.scdn.co/image/ab67616d0000b2730e5311993a01fb2e7169f6a7,"electronic, pop, EDM, Contemporary pop, future bass"
Feel Good (with Daya),"Gryffin, ILLENIUM, Daya",Feel Good (with Daya),2017-03-03,0Ev562zA4pmUsBqjxsxxdx,D Major,138,0.22,67,0.479,0.625,0.0,0.707,0.0337,-4.761,https://i.scdn.co/image/ab67616d0000b2736362397987db1fbf17f3d9b5,Electronic Pop
tv off (feat. lefty gunplay),"Kendrick Lamar, Lefty Gunplay",GNX,2024-11-22,0aB0v4027ukVziUGwVGYpG,F# Minor,100,0.0837,94,0.548,0.855,0.0,0.529,0.263,-6.679,https://i.scdn.co/image/ab67616d0000b273d9985092cd88bffd97653b58,"mustard, rap, kendrick lamar, west coast hip hop, 2024"
Starboy,"The Weeknd, Daft Punk",Starboy,2016-11-25,7MXVkk9YMctZqd1Srtv4MB,G Major,186,0.141,91,0.486,0.679,6.35e-06,0.587,0.276,-7.015,https://i.scdn.co/image/ab67616d0000b2734718e2b124f79258be7bc452,"rnb, pop, MySpotigramBot, electronic, Daft Punk"
Buttons,The Pussycat Dolls,PCD,2005-01-01,3BxWKCI06eQ5Od8TY2JBeA,D Major,211,0.178,70,0.408,0.569,0.0,0.821,0.267,-4.38,https://i.scdn.co/image/ab67616d0000b2738cc44129c3b11adec74058d6,"pop, dance, sexy, rnb, The Pussycat Dolls"
Top Of The World,The Pussycat Dolls,Top Of The World,2009-02-03,6r5OaOArztjvur2lSqumAH,G Minor,122,0.00246,41,0.498,0.74,0.0,0.916,0.115,-4.091,https://i.scdn.co/image/ab67616d0000b273183e2487a77746b45ff41356,"pop, dance, The Pussycat Dolls, female vocalists, the city"
Buttons,The Pussycat Dolls,PCD,2005-01-01,4lZbw23ts5G4nlzGgQbAxc,D Major,211,0.183,62,0.478,0.546,0.0,0.817,0.285,-4.362,https://i.scdn.co/image/ab67616d0000b273babcb2f14d337632f3f313ef,"pop, dance, sexy, rnb, The Pussycat Dolls"
Sports car,Tate McRae,So Close To What,2025-02-20,5UJbgR4XF4y1DvbkxEqe8S,B Minor,107,0.0505,88,0.886,0.861,0.00139,0.815,0.0349,-3.672,https://i.scdn.co/image/ab67616d0000b273ec58cd730a52c5899b947d3e,"pop, best of 2025, electropop, soty, fernandacoxta"
Sports car,Tate McRae,Sports car,2025-01-24,2zOmS55knKWSgScYPTNmGQ,B Minor,107,0.0542,88,0.874,0.863,0.000685,0.804,0.0346,-3.685,https://i.scdn.co/image/ab67616d0000b2739064126e1dfd1414f8de9315,"pop, best of 2025, electropop, soty, fernandacoxta"
Stereo Love - Original,"Edward Maya, Vika Jigulina",Stereo Love,2009,1aklRy3btsbucImSXvR2SY,A Major,127,0.0392,68,0.341,0.781,0.0127,0.787,0.0383,-5.358,https://i.scdn.co/image/ab67616d0000b273695991d6f4a544a05df4c1c0,"pop, dance, eletronic, Romanian popcorn"
We Found Love,"Rihanna, Calvin Harris",Talk That Talk,2011-11-18,6qn9YLKt13AGvpq9jfO8py,C# Major,128,0.025,85,0.6,0.735,0.00141,0.766,0.0384,-4.485,https://i.scdn.co/image/ab67616d0000b273bef074de9ca825bddaeb9f46,"pop, dance, Rihanna, female vocalists, electronic"
We Found Love,"Rihanna, Calvin Harris",Talk That Talk,2011-11-19,0U10zFw4GlBacOy9VDGfGL,C# Major,128,0.025,80,0.6,0.735,0.00141,0.766,0.0383,-4.485,https://i.scdn.co/image/ab67616d0000b2731c5eacf6965d328c2c795cef,"pop, dance, Rihanna, female vocalists, electronic"
22 (Taylor's Version),Taylor Swift,Red (Taylor's Version),2021-11-12,3yII7UwgLF6K5zW3xad3MP,G Major,104,0.000443,74,0.642,0.642,1.02e-05,0.695,0.0281,-5.62,https://i.scdn.co/image/ab67616d0000b273318443aab3531a0558e79a4d,"pop, taylor swift, country, love at first listen, female vocalists"
Levels - Radio Edit,Avicii,Levels,2011-10-28,5UqCQaDshqbIk3pkhy4Pjg,C# Minor,126,0.0462,83,0.464,0.584,0.828,0.889,0.0343,-5.941,https://i.scdn.co/image/ab67616d0000b273ffb343926530168be4724dd4,"dance, House, electronic, party, Progressive House"
Levels - Original Version,Avicii,Levels,2011-10-28,6Xe9wT5xeZETPwtaP2ynUz,C# Minor,126,0.0297,67,0.353,0.602,0.887,0.834,0.0358,-6.573,https://i.scdn.co/image/ab67616d0000b273ffb343926530168be4724dd4,"electronic, House, dj, Sweden, EDM"
The Nights,Avicii,The Days / Nights,2014-01-01,0ct6r3EGTcMLPtrXHDvVjc,F# Major,126,0.0166,87,0.654,0.527,0.0,0.835,0.0433,-5.298,https://i.scdn.co/image/ab67616d0000b2730ae4f4d42e4a09f3a29f64ad,"dance, electronic, pop, 2015, 2014"
502 Come Up,Bryson Tiller,T R A P S O U L,2015-10-02,5Y87Aek2DGI5s4WNAh8zKR,B♭ Minor,119,0.192,52,0.418,0.59,0.0,0.66,0.11,-5.559,https://i.scdn.co/image/ab67616d0000b273d5f3cea8affdca01a0dc754f,"Hip-Hop, soul, rap, rnb, trap"
Slow Down Love (feat. Chelsea Cutler),"Louis The Child, Chelsea Cutler",Love Is Alive,2017-03-24,1nMKEA5cstslumoTJMVjIu,B Minor,128,0.556,55,0.287,0.639,3.38e-05,0.59,0.352,-7.752,https://i.scdn.co/image/ab67616d0000b27359c8c7c3b8212ac8e35b9911,"Soundtrack, steeldrum"
Magnetic,ILLIT,SUPER REAL ME,2024-03-25,1aKvZDoLGkNMxoRYgkckZG,F# Major,131,0.257,84,0.69,0.797,0.0,0.668,0.0687,-5.819,https://i.scdn.co/image/ab67616d0000b273f037c5fb9de6c78726cb8e2c,"Kpop, pluggnb, k-pop, soty, Korean"
Magnetic (Starlight Remix),ILLIT,Magnetic (Remixes),2024-04-19,1SNbKSraeBuFBuHeSpHLis,F# Major,131,0.104,53,0.902,0.793,0.00393,0.725,0.0653,-4.283,https://i.scdn.co/image/ab67616d0000b273465aad6d3be0d66b9fa93bb6,"Kpop, pluggnb, k-pop, soty, Korean"
Tick-Tack,ILLIT,I'LL LIKE YOU,2024-10-21,0znsc67nMhP4X9hjhvoyeP,D Major,130,0.136,79,0.963,0.867,0.0,0.745,0.0408,-4.159,https://i.scdn.co/image/ab67616d0000b273fc2fffae3025fbc540b98f34,"electropop, dance-pop, Awesome, chiptune, Korean"
ETA,NewJeans,NewJeans 2nd EP 'Get Up',2023-07-21,56v8WEnGzLByGsDAXDiv4d,B♭ Minor,135,0.108,78,0.841,0.812,0.0,0.749,0.0397,-6.389,https://i.scdn.co/image/ab67616d0000b2730744690248ef3ba7b776ea7b,"baltimore club, pop, k-pop, 2023, catchy"
ETA,NewJeans,NewJeans 2nd EP 'Get Up',2023-07-21,56v8WEnGzLByGsDAXDiv4d,B♭ Minor,135,0.108,78,0.841,0.812,0.0,0.749,0.0397,-6.389,https://i.scdn.co/image/ab67616d0000b2730744690248ef3ba7b776ea7b,"baltimore club, pop, k-pop, 2023, catchy"
OMG,NewJeans,NewJeans 'OMG',2023-01-02,65FftemJ1DbbZ45DUfHJXE,A Minor,127,0.357,80,0.739,0.804,3.07e-06,0.771,0.0433,-4.067,https://i.scdn.co/image/ab67616d0000b273d70036292d54f29e8b68ec01,"rnb, k-pop, pop, dance-pop, Kpop"
Cool With You,NewJeans,NewJeans 2nd EP 'Get Up',2023-07-21,02wk5BttM0QL38ERjLPQJB,F Minor,135,0.653,73,0.532,0.752,0.00136,0.65,0.12,-6.683,https://i.scdn.co/image/ab67616d0000b2730744690248ef3ba7b776ea7b,"UK Garage, k-pop, 2-step, dance-pop, Korean"
New Jeans,NewJeans,NewJeans 'Super Shy',2023-07-07,6rdkCkjk6D12xRpdMXy0I2,E Minor,134,0.51,79,0.532,0.807,0.00216,0.721,0.0508,-6.211,https://i.scdn.co/image/ab67616d0000b2733d98a0ae7c78a3a9babaf8af,"k-pop, pop, rnb, love at first listen, UK Garage"
ETA,NewJeans,NewJeans 2nd EP 'Get Up',2023-07-21,56v8WEnGzLByGsDAXDiv4d,B♭ Minor,135,0.108,78,0.841,0.812,0.0,0.749,0.0397,-6.389,https://i.scdn.co/image/ab67616d0000b2730744690248ef3ba7b776ea7b,"baltimore club, pop, k-pop, 2023, catchy"
ETA,NewJeans,NewJeans 2nd EP 'Get Up',2023-07-21,56v8WEnGzLByGsDAXDiv4d,B♭ Minor,135,0.108,78,0.841,0.812,0.0,0.749,0.0397,-6.389,https://i.scdn.co/image/ab67616d0000b2730744690248ef3ba7b776ea7b,"baltimore club, pop, k-pop, 2023, catchy"
Supernatural,NewJeans,Supernatural,2024-06-21,5ocSQW5sIUIOFojwXEz9Ki,B♭ Minor,109,0.185,77,0.863,0.699,8.43e-06,0.708,0.0496,-4.182,https://i.scdn.co/image/ab67616d0000b2737e1eeb0d7cc374a168369c80,"new jack swing, k-pop, 2024, newjeans, acheimagra"
Perfect Night,LE SSERAFIM,Perfect Night,2023-10-27,74X2u8JMVooG2QbjRxXwR8,F Major,136,0.1,80,0.502,0.697,0.0,0.82,0.0308,-4.502,https://i.scdn.co/image/ab67616d0000b2735e352f6eccf8cb96d0b247cc,"k-pop, 2023, english, pop, Awesome"
EASY,LE SSERAFIM,EASY,2024-02-19,2O4Bb2WCkjlTPO827OnBMI,C Major,165,0.189,78,0.602,0.744,2.74e-06,0.7,0.0507,-5.154,https://i.scdn.co/image/ab67616d0000b273110f5426b8c149e80804912a,"trap, rnb, k-pop, easy, LESSERAFIM"
CRAZY,LE SSERAFIM,CRAZY,2024-08-30,3AoEQRuFf8zVXWqSLo2UOi,B Minor,130,0.00953,79,0.531,0.802,0.000291,0.899,0.126,-2.223,https://i.scdn.co/image/ab67616d0000b273485623bc41b6760fc1bca2f4,"House, k-pop, Kpop, pop, dance"
